GameName,Id:76561198252559890
Counter-Strike: Global Offensive,358
Unturned,172
Warframe,149
SMITE,39
Arma 3,36
STAR WARS¢â: The Old Republic¢â,27
CreativeDestruction,12.4
Black Squad,8.3
Arma 2: DayZ Mod,8.2
Destiny 2,6.4
Splitgate: Arena Warfare,6.0
Ironsight,5.2
Paladins,3.3
Ironsight,3.1
RISK: Global Domination,2.6
POLYGON,2.5
Tom Clancy's Ghost Recon Phantoms - EU,2.3
Apex Legends,2.2
Darwin Project,1.8
Neverwinter,1.7
Ring of Elysium,1.7
Hired Ops,1.1
APB Reloaded,0.8
Life is Feudal: MMO,0.8
Argo,0.7
BLOCKADE 3D,0.7
War Trigger 2,0.7
Cyber Hunter,0.5
Arma 2: Operation Arrowhead,0.5
A.V.A. Alliance of Valiant Arms¢â,0.4
Stay Out,0.4
Aim Lab,0.3
Will To Live Online,0.3
Line of Sight,0.3
Creativerse,0.2
SinVR,0.1

Recently Played
Unturned,8.5
Line of Sight,0.3
Splitgate: Arena Warfare,1.7

Badges,Games,Inventory,Screenshots,Reviews,Groups,Friends,Wishlist
3,8,?,1,3,11,28,1